"V1","V2","V3"
"Myrcia nivea","4519402376","Myrcia nivea"
"Myrcia nivea","3313932359","Myrcia nivea"
"Myrcia nivea","1913950179","Myrcia nivea"
"Myrcia nivea","2575943072","Myrcia nivea"
"Myrcia nivea","2996081581","Myrcia nivea"
"Myrcia nivea","4412371269","Myrcia nivea"
"Myrcia nivea","2575942420","Myrcia nivea"
"Myrcia nivea","2996061149","Myrcia nivea"
"Myrcia nivea","4412390636","Myrcia nivea"
"Myrcia nivea","2996053064","Myrcia nivea"
"Myrcia nivea","4412368813","Myrcia nivea"
"Myrcia nivea","4519402376","Myrcia nivea"
"Myrcia nivea","4519396357","Myrcia nivea"
"Myrcia nivea","1571706697","Myrcia nivea"
"Myrcia nivea","4900549114","Myrcia nivea"
"Myrcia nivea","1424730971","Myrcia nivea"
